{
  "video_file": "taylor_smith_pitching.mov",
  "total_frames": 220,
  "metrics": {
    "elbow_angle": {
      "mean": 130.0165025911495,
      "std": 22.821633708157908,
      "min": 43.398600640658195,
      "max": 172.32295751074915
    },
    "stride_knee_angle": {
      "mean": 124.36618017009178,
      "std": 29.20111693460191,
      "min": 46.72038501301571,
      "max": 172.32516887503368
    },
    "drive_knee_angle": {
      "mean": 129.95986176037104,
      "std": 24.049984885249167,
      "min": 80.2021437917034,
      "max": 173.05740028075738
    },
    "trunk_lean": {
      "mean": 147.67830277577315,
      "std": 19.23894408863419,
      "min": 104.57402597262057,
      "max": 179.56494212949545
    },
    "hip_shoulder_separation": {
      "mean": 12.365879812906904,
      "std": 27.292654009192912,
      "min": 0.005566221414086875,
      "max": 164.0261843195142
    },
    "stride_length_pct": {
      "mean": 39.22686754126505,
      "std": 18.081639065628018,
      "min": 1.9859619264157327,
      "max": 84.80449897365536
    }
  },
  "phase_distribution": {
    "stride": 109,
    "acceleration": 83,
    "wind_up": 15,
    "release": 13
  }
}